Season,Sector,Category,Crop,QueryType,QueryText,KccAns,StateName,DistrictName,BlockName,CreatedOn
KHARIF,AGRICULTURE,Oilseeds,Groundnut (pea nut/mung phalli),Market Information,market rate for sesame,recommended market rate for sesame Thattanchavady 2096-5761 Rs/Quintal,PUDUCHERRY,PUDUCHERRY,VILLIANUR,34:04.3
KHARIF,AGRICULTURE,Fiber Crops,Cotton (Kapas),Weed Management,asking about cotton weed management,recommended for apply  hand weeding only,PUDUCHERRY,PUDUCHERRY,NETTAPAKKAM,37:29.1
JAYAD,HORTICULTURE,Vegetables,Brinjal,Fertilizer Use and Availability,sucking  pest management for Brinjal,recommended for the spray  Dimethoate 2ml /lit of water,PUDUCHERRY,PUDUCHERRY,MANNADIPET,03:54.3
JAYAD,AGRICULTURE,Millets,Kodo Millet (Kodara/Varagu),Sowing Time and Weather,sowing season for Varagu,Recommended for varagu sowing season  July-August,PUDUCHERRY,PUDUCHERRY,VILLIANUR,56:51.6
JAYAD,HORTICULTURE,Vegetables,Bhindi(Okra/Ladysfinger),"	Plant Protection	",Bhendi in semilooper,Recommended for spray profenophos 2 ml+ Teepol 1 ml/litre of water.,PUDUCHERRY,PUDUCHERRY,NETTAPAKKAM,33:39.6
JAYAD,AGRICULTURE,Sugar and Starch Crops,Tapioca (Cassava),"	Plant Protection	",sucking pest control in tapioca,recommended for Spray imidaclopride 0.6 ml/lit of water,PUDUCHERRY,PUDUCHERRY,PUDUCHERRY,07:44.4
JAYAD,AGRICULTURE,Others,Others,Weather,Coimbatore Weather report information,recommended for today have a light rain day,PUDUCHERRY,PUDUCHERRY,NETTAPAKKAM,35:40.9
JAYAD,HORTICULTURE,Plantation Crops,Teak,Nutrient Management,Casuarina top fertilizer management,Recommended for apply urea 10 kg + super phosphate 30 kg + potash 20 kg/ac,PUDUCHERRY,PUDUCHERRY,VILLIANUR,39:41.8
JAYAD,AGRICULTURE,Pulses,Black Gram (urd bean),Nutrient Management,Growth regulator spray for Black gram,Recommended for spray Pulse wonder- 2kg  + 200 litre of water/acre,PUDUCHERRY,PUDUCHERRY,MANNADIPET,09:38.1
KHARIF,HORTICULTURE,Fruits,Aonla,"	Plant Protection	",Plant growth regulator in anola,Recommended for spray Brassinolide 0.5 ml/litre of water.,PUDUCHERRY,PUDUCHERRY,MANNADIPET,04:34.4
JAYAD,AGRICULTURE,Others,Others,Bio-Pesticides and Bio-Fertilizers,panchakavya preparation information,recommended for cow dung 5 kg + cow urine 3 litre + toddy 2 litre + banana 12 + butter milk 3 litre + cane juice 3 litre +milk 3 litre + tender coconut 3 litre  mix well after 15 to 20 days it will be ready,PUDUCHERRY,PUDUCHERRY,PUDUCHERRY,13:18.1
JAYAD,AGRICULTURE,Others,Others,Bio-Pesticides and Bio-Fertilizers,amirtha  karaisal preparation,recommended for cowdung 10 kg + cow urine 10 kg + 100 litre of water + 250 gm jaggery / 1 litre karaisal  + 9 litre water mixed well to spray,PUDUCHERRY,PUDUCHERRY,PUDUCHERRY,27:28.3
KHARIF,AGRICULTURE,Cereals,Paddy (Dhan),"	Plant Protection	",asking about nematode in paddy,Recommended for apply carbofuran 3 - 5kg /ac,PUDUCHERRY,PUDUCHERRY,MANNADIPET,07:19.1
JAYAD,HORTICULTURE,Vegetables,Brinjal,Seeds and Planting Material,asking about need for brinjal,"recommended for contact with Department of Vegetable Crops,TNAU, Coimbatore, phone; 0422-6611374",PUDUCHERRY,PUDUCHERRY,VILLIANUR,30:18.2
KHARIF,AGRICULTURE,Oilseeds,Sesame (Gingelly/Til)/Sesamum,Nutrient Management,asking about Sesamum MN deficiency information,Recommended for spray zinc sulphate 5 g / liter of water,PUDUCHERRY,PUDUCHERRY,NETTAPAKKAM,28:03.5
KHARIF,AGRICULTURE,Others,Others,Government Schemes,Crop loan  details,recommended for the contact near  bank,PUDUCHERRY,PUDUCHERRY,PUDUCHERRY,24:52.5
KHARIF,AGRICULTURE,Pulses,Black Gram (urd bean),Market Information,Market rate for black gram,Recommended for Rs 3259-10209/quintal.,PUDUCHERRY,PUDUCHERRY,NETTAPAKKAM,10:15.4
KHARIF,AGRICULTURE,Cereals,Paddy (Dhan),Nutrient Management,asking about paddy basal fertilizer management,Recommended for apply DAP 50 kg + zinc sulphate 10 kg + neem cake 10kg + FYM 10ton /ac,PUDUCHERRY,PUDUCHERRY,PUDUCHERRY,15:39.2
KHARIF,HORTICULTURE,Fruits,Aonla,Bio-Pesticides and Bio-Fertilizers,disease pre control in amla,recommended for spray Pseudomonas fluorescence 5 g/lit of water,PUDUCHERRY,PUDUCHERRY,OZHUKARAI,43:50.6
KHARIF,HORTICULTURE,Vegetables,Brinjal,"	Plant Protection	",Shoot and fruit borer control in brinjal,recommended for spray Thiodicarb 2 g/lit of water,PUDUCHERRY,PUDUCHERRY,NETTAPAKKAM,21:58.6
KHARIF,HORTICULTURE,Vegetables,Brinjal,"	Plant Protection	",shoot borer in brinjal,recommended for spray profenophos50EC 2ml+teepol 1ml+neemoil 3ml/lit of water,PUDUCHERRY,PUDUCHERRY,MANNADIPET,22:15.8
JAYAD,HORTICULTURE,Vegetables,Bhindi(Okra/Ladysfinger),"	Plant Protection	",Bhendi leaf feeder management,recommended for spray profenophos 2 ml + acephate 1 gm / lit of water,PUDUCHERRY,PUDUCHERRY,PUDUCHERRY,25:17.1
KHARIF,AGRICULTURE,Others,Others,Seeds,asking for Casuarina seedlings availability,"recommended for contacting Phone: 04254 - 222398, 222010",PUDUCHERRY,PUDUCHERRY,PUDUCHERRY,02:11.0
KHARIF,AGRICULTURE,Cereals,Paddy (Dhan),Nutrient Management,Basal dose fertilizer application in Paddy,Recommended for apply DAP-50 kg + Zinc sulphate-10 kg +neem cake-10 kg/acre,PUDUCHERRY,PUDUCHERRY,MANNADIPET,34:29.9
KHARIF,AGRICULTURE,Cereals,Paddy (Dhan),Weed Management,weed management for paddy (Direct wet seeded rice),Recommended for spray Pritilachlor 600 ml/ ac on 8th day after sowing,PUDUCHERRY,PUDUCHERRY,NETTAPAKKAM,01:14.1
KHARIF,AGRICULTURE,Cereals,Paddy (Dhan),Weed Management,Weed management for direct sowing paddy,Recommended for apply pretilachlor 600 ml mixed with 20 kg of sand  /acre at 8 day,PUDUCHERRY,PUDUCHERRY,NETTAPAKKAM,03:34.4
KHARIF,HORTICULTURE,Vegetables,Onion,Nutrient Management,Foliar nutrient spray for small onion,Recommended for spray potassium sulphate 10 g / litre of water,PUDUCHERRY,PUDUCHERRY,NETTAPAKKAM,36:54.6
KHARIF,HORTICULTURE,Fruits,Mango,"	Plant Protection	",Mango stem borer,Recommended for apply carbofuran 3G 5 g per hole and plug with mud,PUDUCHERRY,PUDUCHERRY,NETTAPAKKAM,51:53.0
KHARIF,HORTICULTURE,Plantation Crops,Coconut,"	Plant Protection	",Rhinoceros beetle in coconut,Recommended for apply neem seed kernel powder 150 g + sand 300 g /tree,PUDUCHERRY,PUDUCHERRY,NETTAPAKKAM,53:56.3
KHARIF,AGRICULTURE,Oilseeds,Sesame (Gingelly/Til)/Sesamum,Market Information,Market information of Sesame,Recommended Market information of Sesame at Vikkiravandi is Rs.4516-5750/quintal,PUDUCHERRY,PUDUCHERRY,PUDUCHERRY,14:12.4
JAYAD,HORTICULTURE,Vegetables,Amaranthus/Grain Amaranthus,"	Plant Protection	",asking about amaranthus top fertilizer management,recommended for trichoderma viride 1 kg mixed with 20 kg FYM,PUDUCHERRY,PUDUCHERRY,PUDUCHERRY,35:41.6
JAYAD,HORTICULTURE,Vegetables,Amaranthus/Grain Amaranthus,"	Plant Protection	",asking about amaranthus top fertilizer management,recommended for trichoderma viride 1 kg mixed with 20 kg of FYM,PUDUCHERRY,PUDUCHERRY,PUDUCHERRY,48:57.5
KHARIF,AGRICULTURE,Sugar and Starch Crops,Tapioca (Cassava),"	Plant Protection	",tapioca mealy bug management,recommended for spray profenophos 2 ml + acephate 1 g  / lit of water.,PUDUCHERRY,PUDUCHERRY,ARIYANKUPPAM,16:13.1
KHARIF,HORTICULTURE,Medicinal and Aromatic Plants,Aloe Vera,Vegetative Propagation and Tissue Culture,Asking aloe Vera planting material availability,Recommended to contact Villupuram district horticulture department phone: 04146-221163,PUDUCHERRY,PUDUCHERRY,PUDUCHERRY,36:24.8
KHARIF,AGRICULTURE,Oilseeds,Sesame (Gingelly/Til)/Sesamum,Market Information,Villupuram black gram market rate,Recommended for  Villupuram black gram market rate Rs 9499-9889/ quintal,PUDUCHERRY,PUDUCHERRY,ARIYANKUPPAM,55:58.4
KHARIF,HORTICULTURE,Vegetables,Tomato,Nutrient Management,duration of Tomato,Recommended for the duration is minimum CO.3 100-105 days and maximum CO.2 duration of  145 days,PUDUCHERRY,PUDUCHERRY,PUDUCHERRY,30:40.1
JAYAD,AGRICULTURE,Cereals,Paddy (Dhan),Nutrient Management,asking about paddy basal fertilizer management,recommended for FYM 5 tonnes + DAP 50 kg + znso4 10 kg + neem cake 10 kg /acre,PUDUCHERRY,PUDUCHERRY,PUDUCHERRY,55:01.2
KHARIF,AGRICULTURE,Cereals,Paddy (Dhan),Nutrient Management,basal fertilizer requirement in paddy,recommended for application of 50 kg DAp + 10 kg neem cake + 10 kg zinc sulphate + 5 tonnes FYM per acre,PUDUCHERRY,PUDUCHERRY,PUDUCHERRY,01:00.5
KHARIF,AGRICULTURE,Sugar and Starch Crops,Sugarcane (Noble Cane),Fertilizer Use and Availability,Asking about sugarcane top dressing management,Recommended for apply urea 80 kg + potash 25 kg + neem cake 20 kg /acre,PUDUCHERRY,PUDUCHERRY,MANNADIPET,03:50.4
KHARIF,AGRICULTURE,Oilseeds,Sesame (Gingelly/Til)/Sesamum,Market Information,Thattanchavady Gingelly market  rate as per (30/06/2016),Recommended for Thattanchavady Gingelly market  rate (30/06/2016)  Rs 2096-5761/ Quintal .,PUDUCHERRY,PUDUCHERRY,PUDUCHERRY,51:14.4
KHARIF,AGRICULTURE,Cereals,Paddy (Dhan),Sowing Time and Weather,Paddy sowing season and varieties,"Recommended for Samba(Aug)I.White Ponni, CO 43, CR 1009, ADT 38, TRY 1*, ASD 19, ADT (R) 44, CORH 4, CO (R) 48, CO (R) 49, CO (R) 50, ADT (R) 49, TNAU Rice ADT 50",PUDUCHERRY,PUDUCHERRY,PUDUCHERRY,45:01.3
KHARIF,AGRICULTURE,Cereals,Paddy (Dhan),Varieties,asking about paddy season and varieties,"Recommended for White Ponni, CO 43, CR 1009, ADT 38, TRY 1*, ASD 19, ADT (R) 44, CORH 4, CO (R) 48, CO (R) 49, CO (R) 50, ADT (R) 49, TNAU Rice ADT 50",PUDUCHERRY,PUDUCHERRY,VILLIANUR,41:48.7
KHARIF,AGRICULTURE,Pulses,Black Gram (urd bean),Cultural Practices,Black  gram sowing season,recommended for the black  gram season  :Adipattam (June-August),PUDUCHERRY,PUDUCHERRY,OZHUKARAI,31:14.7
KHARIF,AGRICULTURE,Pulses,Black Gram (urd bean),Sowing Time and Weather,sowing season for  Black gram,Recommended for sowing black gram Adipattam (June-August),PUDUCHERRY,PUDUCHERRY,NETTAPAKKAM,39:02.4
KHARIF,AGRICULTURE,Pulses,Black Gram (urd bean),Market Information,black gram market rate details,recommended for black gram market rate Rs 8999-9961 / quintal,PUDUCHERRY,PUDUCHERRY,ARIYANKUPPAM,10:52.9
KHARIF,AGRICULTURE,Cereals,Paddy (Dhan),Varieties,Co 50 paddy variety Duration (days),Recommended for Co 50 paddy variety Duration (days) : 130 – 135 days,PUDUCHERRY,PUDUCHERRY,PUDUCHERRY,44:50.6
KHARIF,AGRICULTURE,Cereals,Paddy (Dhan),Fertilizer Use and Availability,paddy top dressing fertilizer management,Recommended for apply urea 25 kg + potash 15 kg + neem cake 5 kg/ac,PUDUCHERRY,PUDUCHERRY,NETTAPAKKAM,01:17.3
KHARIF,AGRICULTURE,Cereals,Paddy (Dhan),Market Information,asking about paddy market rate details,recommended for paddy market rate Rs 2250-2333 / quintal,PUDUCHERRY,PUDUCHERRY,PUDUCHERRY,11:13.8
KHARIF,AGRICULTURE,Pulses,Black Gram (urd bean),Seeds,asking about flower induce in Blackgram,Recommended for spray nitrobenzene 2 ml / liter of water,PUDUCHERRY,PUDUCHERRY,MANNADIPET,34:02.1
KHARIF,AGRICULTURE,Cereals,Paddy (Dhan),Market Information,asking about Vikkiravandi paddy ADT 37 market rate,Recommended for Vikkiravandi paddy ADT 37 market rate : 1279 Rs/Quintal (15.07.2016),PUDUCHERRY,PUDUCHERRY,PUDUCHERRY,39:15.8
KHARIF,AGRICULTURE,Cereals,Paddy (Dhan),Varieties,varieties of paddy,"recommended varieties of paddy I.White Ponni, CO 43, CR 1009, ADT 38, TRY 1*, ASD 19, ADT (R) 44, CORH 4, CO (R) 48, CO (R) 49, CO (R) 50, ADT (R) 49, TNAU Rice ADT 50",PUDUCHERRY,PUDUCHERRY,PUDUCHERRY,29:37.0
KHARIF,HORTICULTURE,Plantation Crops,Palmyra,Market Information,harvesting time of patanir from palmyrah,recommended for Planting after 12 to 15 years of palm,PUDUCHERRY,PUDUCHERRY,PUDUCHERRY,43:09.9
KHARIF,AGRICULTURE,Cereals,Paddy (Dhan),Weed Management,asking about paddy weed management,recommended for hand weeding is best,PUDUCHERRY,PUDUCHERRY,NETTAPAKKAM,42:36.6
KHARIF,AGRICULTURE,Cereals,Paddy (Dhan),Weed Management,Asking about weeds control in paddy,Recommended for spray Namini gold 80ml / ac 200 litter of water 21st day after planting.,PUDUCHERRY,PUDUCHERRY,NETTAPAKKAM,48:23.4
KHARIF,AGRICULTURE,Oilseeds,Sesame (Gingelly/Til)/Sesamum,Market Information,Market rate information for sesame,Recommended for Panrutimarket rate : 3998 - 6648 Rs/Quintal,PUDUCHERRY,PUDUCHERRY,ARIYANKUPPAM,04:59.2
KHARIF,AGRICULTURE,Fiber Crops,Cotton (Kapas),"	Plant Protection	",Asking about mealy bug management for cotton,Recommended for spray Imidacloprid 5 ml +acephate 20 g + sticking agent 10 ml /10 litre of water,PUDUCHERRY,PUDUCHERRY,PUDUCHERRY,09:54.6
KHARIF,AGRICULTURE,Oilseeds,Sesame (Gingelly/Til)/Sesamum,Market Information,sesame market rate,Recommended for sesame market rate Rs 4125-8336/quintal,PUDUCHERRY,PUDUCHERRY,PUDUCHERRY,43:42.8
KHARIF,HORTICULTURE,Vegetables,Bhindi(Okra/Ladysfinger),"	Plant Protection	",Jassids and leaf hopper control management in bhendi,Recommended for spray profenophos 2 ml / 1 litre of water,PUDUCHERRY,PUDUCHERRY,NETTAPAKKAM,59:54.5
KHARIF,HORTICULTURE,Vegetables,Bhindi(Okra/Ladysfinger),"	Plant Protection	",Asking about fruit borer management in Bhendi,Recommended for spray Quinalphos 2 ml /litre of water,PUDUCHERRY,PUDUCHERRY,NETTAPAKKAM,07:59.6
KHARIF,AGRICULTURE,Pulses,Black Gram (urd bean),Market Information,Villupuram black gram market rate,Recommended for  Villupuram black gram market rate Rs 8700-9400/ quintal,PUDUCHERRY,PUDUCHERRY,PUDUCHERRY,05:42.5
KHARIF,AGRICULTURE,Cereals,Paddy (Dhan),Nutrient Management,asking about paddy foliar application information,Recommended for spray urea 5 g + zinc sulphate 5 g / liter of water,PUDUCHERRY,PUDUCHERRY,MANNADIPET,49:59.8
KHARIF,AGRICULTURE,Cereals,Paddy (Dhan),Nutrient Management,top dressing for paddy,recommended for apply ammonium sulphate 30kg/ac,PUDUCHERRY,PUDUCHERRY,ARIYANKUPPAM,24:52.8
KHARIF,AGRICULTURE,Cereals,Paddy (Dhan),Fertilizer Use and Availability,Top dressing fertilizer management for paddy,Recommended for urea 25 kg+ potash 15 kg+ neem cake 5 kg+ mn mixture 5 kg /ac.,PUDUCHERRY,PUDUCHERRY,BAHOUR,45:51.2
NA,AGRICULTURE,Cereals,Paddy (Dhan),"	Plant Protection	",leaf folder in paddy,Recommended for spray Chlorpyriphos 2ml/lit of water,PUDUCHERRY,PUDUCHERRY,OZHUKARAI,39:52.8
KHARIF,HORTICULTURE,Vegetables,Cluster Bean,Cultural Practices,Bhendi sowing season,Recommended for Planting can be done during June - August and February,PUDUCHERRY,PUDUCHERRY,NETTAPAKKAM,49:16.5
KHARIF,AGRICULTURE,Fiber Crops,Cotton (Kapas),"	Plant Protection	",Cotton aphid management,recommended for the spray  Dimethoate  2mllit of water,PUDUCHERRY,PUDUCHERRY,NETTAPAKKAM,07:58.3
KHARIF,AGRICULTURE,Others,Others,Training and Exposure Visits,contact number of puducherry nabard bank,recommended number for puducherry nabard bank is 0413 2245241,PUDUCHERRY,PUDUCHERRY,PUDUCHERRY,56:04.5
KHARIF,AGRICULTURE,Pulses,Black Gram (urd bean),Market Information,black gram market rate,Recommended for black gram market rate Rs 4917-9999/ quintal,PUDUCHERRY,PUDUCHERRY,PUDUCHERRY,38:24.8
KHARIF,AGRICULTURE,Cereals,Paddy (Dhan),Bio-Pesticides and Bio-Fertilizers,Asking about Azola recommendation level in paddy,Recommended for apply Azola 100 kg/ac.,PUDUCHERRY,PUDUCHERRY,PUDUCHERRY,28:10.0
KHARIF,AGRICULTURE,Others,Others,"	Plant Protection	",yellowing of leaf in casuarina,Recommended for soil application biofertilizers 20gm/tree,PUDUCHERRY,PUDUCHERRY,VILLIANUR,33:23.1
KHARIF,AGRICULTURE,Oilseeds,Sesame (Gingelly/Til)/Sesamum,Market Information,Market information of Sesame,Recommended Market information of Sesame at Villupuram is Rs 40-52/kg on 22.07.16,PUDUCHERRY,PUDUCHERRY,PUDUCHERRY,58:40.8
KHARIF,AGRICULTURE,Oilseeds,Sesame (Gingelly/Til)/Sesamum,Market Information,asking about Vikkiravandi sesamum market rate,recommended for Vikkiravandi sesamum market rate  Rs.4775-4775/ quintal,PUDUCHERRY,PUDUCHERRY,PUDUCHERRY,37:57.8
KHARIF,AGRICULTURE,Others,Others,Weather,asking about weather report information,recommended for cloudy weather  and possibility of rain fall,PUDUCHERRY,PUDUCHERRY,PUDUCHERRY,18:29.5
KHARIF,AGRICULTURE,Millets,FingerMillet  (Ragi/Mandika),Nutrient Management,Ragi top fertilizer application,Recommended for apply 25 kg urea / acre at 35th day from date of planting,PUDUCHERRY,PUDUCHERRY,VILLIANUR,45:10.4
KHARIF,AGRICULTURE,Pulses,Black Gram (urd bean),Nutrient Management,asking about Blackgram market information,recommended for Villupuram market price Rs.8899-9123/Quintal (26.07.16),PUDUCHERRY,PUDUCHERRY,MANNADIPET,46:35.1
KHARIF,AGRICULTURE,Cereals,Paddy (Dhan),Cultural Practices,paddy BPT variety duration (days),Recommended for paddy BPT variety duration (days) : 150 days,PUDUCHERRY,PUDUCHERRY,MANNADIPET,56:14.0
KHARIF,AGRICULTURE,Others,Others,Market Information,asking about sesame market information,recommended for Kallakurichi market price Rs.5074-8011 /Quintal (26.07.16),PUDUCHERRY,PUDUCHERRY,PUDUCHERRY,23:23.0
KHARIF,AGRICULTURE,Cereals,Paddy (Dhan),Varieties,TRY 3 Paddy variety information,Recommended for Duration (days) - 135 and Yield (Kg/ac) - 2333 / acre,PUDUCHERRY,PUDUCHERRY,MANNADIPET,28:06.1
KHARIF,AGRICULTURE,Pulses,Black Gram (urd bean),Market Information,Market rate information for black gram,Recommended for Villupuram market rate : 8696- 9009 Rs/Quintal,PUDUCHERRY,PUDUCHERRY,MANNADIPET,42:47.1
KHARIF,AGRICULTURE,Cereals,Paddy (Dhan),Sowing Time and Weather,Paddy sowing season and variety,"recommended for I.White Ponni, Bhavani, CO 43, TRY 1*, TRY (R ) 3*, ADT (R) 44, CO (R) 48, CO (R) 49, CO (R) 50, ADT (R) 49, TNAU Rice ADT 50",PUDUCHERRY,PUDUCHERRY,BAHOUR,06:17.8
KHARIF,AGRICULTURE,Others,Others,Weather,asking about villupuram today weather Report,Recommended for villupuram today weather Report : Light Rain fall,PUDUCHERRY,PUDUCHERRY,PUDUCHERRY,53:43.2
JAYAD,HORTICULTURE,Fruits,Mango,Nutrient Management,Immature fruit drop control management in mango,Recommended for spray potassium nitrate 10 g / 1 lit of water,PUDUCHERRY,KARAIKAL,KARAIKAL,50:33.4
JAYAD,AGRICULTURE,Pulses,Black Gram (urd bean),Cultural Practices,black gram season and variety,"Recommended for black gram season : june - august and variety : VBN (Bg) 4, VBN(Bg) 5, VBN 7",PUDUCHERRY,KARAIKAL,KARAIKAL,49:06.8
JAYAD,AGRICULTURE,Pulses,Black Gram (urd bean),"	Plant Protection	",leaf Caterpillar management in black gram,Recommended for spray chlorpyrifos 2 ml + neem oil 3 ml / litre of water,PUDUCHERRY,KARAIKAL,Thirunallar,09:13.3
JAYAD,AGRICULTURE,Pulses,Black Gram (urd bean),Fertilizer Use and Availability,Asking about black gram season and variety,Recommended for black gram season April - May and variety ADT 5,PUDUCHERRY,KARAIKAL,Nedungadu,52:12.1
JAYAD,AGRICULTURE,Cereals,Paddy (Dhan),Weed Management,Paddy direct sowing weed management,recommended for spray Pritilachlor 600 ml / 100 litre of water,PUDUCHERRY,KARAIKAL,KARAIKAL,52:31.3
JAYAD,AGRICULTURE,Cereals,Paddy (Dhan),Weed Management,Paddy direct seed weed management,Recommended for spray Pretilachlor 600 ml /ac.,PUDUCHERRY,KARAIKAL,KARAIKAL,54:09.8
JAYAD,AGRICULTURE,Cereals,Paddy (Dhan),Weed Management,Weed management in Paddy,Recommended for spray pretilachlor -600 ml / acre on 8 th day after sowing,PUDUCHERRY,KARAIKAL,KARAIKAL,01:34.2
JAYAD,HORTICULTURE,Plantation Crops,Coconut,"	Plant Protection	",Coconut red palm weevil management,Recommended for root feeding monocrotophos 10 ml+ water 10 ml /tree.,PUDUCHERRY,KARAIKAL,KARAIKAL,34:39.3
JAYAD,AGRICULTURE,Cereals,Paddy (Dhan),Weed Management,Pre emergence weed management in direct sowing paddy,Recommended for apply Pritilachlor 600 ml / acre,PUDUCHERRY,KARAIKAL,KARAIKAL,06:22.5
JAYAD,AGRICULTURE,Pulses,Black Gram (urd bean),Cultural Practices,black gram  variety information,recommended for black gram  variety : ADT 5,PUDUCHERRY,KARAIKAL,KARAIKAL,36:12.9
JAYAD,AGRICULTURE,Fiber Crops,Cotton (Kapas),Nutrient Management,Concentration of Cotton plus,Recommended Concentration of Cotton plus is 2.5 kg /acre,PUDUCHERRY,KARAIKAL,Thirunallar,47:02.4
JAYAD,AGRICULTURE,Pulses,Black Gram (urd bean),Nutrient Management,foliar spray in black gram,Recommended for spray DAP 2 kg/ac on 30th and 45th day after sowing,PUDUCHERRY,KARAIKAL,KARAIKAL,22:40.8
JAYAD,AGRICULTURE,Oilseeds,Sesame (Gingelly/Til)/Sesamum,Sowing Time and Weather,Gingelly sowing season and varieties,"Recommended for Adippattam(July-Aug)CO 1, TMV 3,TMV 7",PUDUCHERRY,KARAIKAL,KARAIKAL,43:21.9
JAYAD,HORTICULTURE,Flowers,Jasmine,Seeds and Planting Material,asking about mullai planting season,recommended for june – November month is suitable,PUDUCHERRY,KARAIKAL,KARAIKAL,56:39.2
JAYAD,AGRICULTURE,Others,Others,Government Schemes,asking about new introducing app for farmers,recommended for kisan suvidha app,PUDUCHERRY,KARAIKAL,Thirunallar,45:52.2
JAYAD,AGRICULTURE,Pulses,Black Gram (urd bean),"	Plant Protection	",Semilooper in blackgram,Recommended for spray neem oil 5 ml / lit,PUDUCHERRY,KARAIKAL,KARAIKAL,19:04.5
JAYAD,AGRICULTURE,Others,Others,Weather,asking about weather report information,recommended for cloudy weather and possibility of rain fall,PUDUCHERRY,KARAIKAL,KARAIKAL,01:06.6
JAYAD,HORTICULTURE,Fruits,Guava,Cultural Practices,asking about  guava flower drop management,recommended for spray Plano fix 5 ml  / 10 lit of water.,PUDUCHERRY,KARAIKAL,KARAIKAL,22:46.5
JAYAD,AGRICULTURE,Fiber Crops,Cotton (Kapas),Nutrient Management,Cotton flower drop,recommended for spray cotton plus 2.5 kg/ac.,PUDUCHERRY,KARAIKAL,KARAIKAL,19:18.5
JAYAD,HORTICULTURE,Flowers,Jasmine,"	Plant Protection	",growth regulator spray for jasmine,recommended for spray nitrobenzene 2 ml/lit of water,PUDUCHERRY,KARAIKAL,KARAIKAL,37:38.5
JAYAD,AGRICULTURE,Oilseeds,Groundnut (pea nut/mung phalli),Varieties,suitable varieties of groundnut,"recommended for groundnut varieties are TMV 7, VRI 2, VRIGn 5, VRI Gn 6,TMVGn 13",PUDUCHERRY,KARAIKAL,KARAIKAL,19:44.0
JAYAD,AGRICULTURE,Pulses,Black Gram (urd bean),Market Information,asking about Villupuram black gram market rate,Recommended for Villupuram black gram market rate : 11869 - 12169 Rs./Quintal (14.05.2016),PUDUCHERRY,KARAIKAL,KARAIKAL,48:52.5
JAYAD,AGRICULTURE,Fiber Crops,Cotton (Kapas),"	Plant Protection	",mealy bug in cotton,Recommended for spray profenophos 2 ml + acephate 1g  /lit of water,PUDUCHERRY,KARAIKAL,KARAIKAL,13:43.2
JAYAD,HORTICULTURE,Fruits,Citrus,Nutrient Management,Growth regulator for citrus,"Recommended for spray 2, 4 – D 1 g/ 50 lit of water",PUDUCHERRY,KARAIKAL,KARAIKAL,14:31.8
JAYAD,AGRICULTURE,Others,Others,"	Plant Protection	",Mealy bug management in home garden,Recommended for neem oil 3 ml or fish oil rosin soap 25g/litre of water,PUDUCHERRY,KARAIKAL,KARAIKAL,38:23.0
JAYAD,AGRICULTURE,Millets,Sorghum (Jowar/Great Millet),Seeds,sowing season and variety for sorghum,"Recommended for the season is Adipattam CO (S) 28, TNAU SORGHUM variety CO 30, K Tall, BSR 1, TNAU SORGHUM HYBRID CO 5",PUDUCHERRY,KARAIKAL,KARAIKAL,55:47.2
JAYAD,AGRICULTURE,Others,Others,Weather,asking about cuddalore district rainfall information,recommended for having heavy rain today,PUDUCHERRY,KARAIKAL,KARAIKAL,31:10.1
JAYAD,AGRICULTURE,Fiber Crops,Cotton (Kapas),Cultural Practices,asking  about cotton foliar spray information,recommended for spray DAP 20 g / lit of water.,PUDUCHERRY,KARAIKAL,KARAIKAL,04:29.7
JAYAD,AGRICULTURE,Others,Others,Weather,Asking about Weather report for karaikal district,Recommended for today having no rain occurring .,PUDUCHERRY,KARAIKAL,KARAIKAL,35:17.3
JAYAD,AGRICULTURE,Fiber Crops,Cotton (Kapas),"	Plant Protection	",root rot management in cotton,Recommended for soil application of Trichoderma viride 1 kg + 20 sand /ac,PUDUCHERRY,KARAIKAL,KARAIKAL,57:09.5
JAYAD,AGRICULTURE,Cereals,Paddy (Dhan),Nutrient Management,asking for the fertilizer requirement in paddy,recommended for application of 30 kg Ammonium sulphate+ 20 kg potash + 5 kg neem cake per acre,PUDUCHERRY,KARAIKAL,KARAIKAL,50:57.8
JAYAD,AGRICULTURE,Cereals,Paddy (Dhan),Market Information,market price of paddy,recommended for market price of paddy is rs.1107-1220/quintal,PUDUCHERRY,KARAIKAL,Nedungadu,42:52.1
JAYAD,AGRICULTURE,Fiber Crops,Cotton (Kapas),"	Plant Protection	",root rot in cotton,Recommended for soil drenching for copper oxy chloride 2.5 g /lit of water,PUDUCHERRY,KARAIKAL,KARAIKAL,46:28.1
JAYAD,ANIMAL HUSBANDRY,Animal,"Bovine(Cow,Buffalo)",Credit,Asked about Dairy loan information,recommended for contact to nationalized bank level in near by area,PUDUCHERRY,KARAIKAL,KARAIKAL,02:10.2
JAYAD,AGRICULTURE,Others,Others,Weed Management,asking about weed management for wasteland,recommended for spray glyphosate 10 ml and 20 g ammonium sulphate / litre of water.,PUDUCHERRY,KARAIKAL,KARAIKAL,39:05.0
JAYAD,AGRICULTURE,Cereals,Paddy (Dhan),Nutrient Management,Top dressing fertilizer application in paddy,Recommended for apply urea 25 kg + potash 15 kg + neem cake 5 kg / acre,PUDUCHERRY,KARAIKAL,KARAIKAL,07:12.4
JAYAD,AGRICULTURE,Cereals,Paddy (Dhan),Weed Management,asking about paddy weed management,recommended for pendimethilin 800 ml mixed with 20 kg of sand on 3rd DAP,PUDUCHERRY,KARAIKAL,KARAIKAL,30:20.2
JAYAD,AGRICULTURE,Others,Others,Weather,Asked about weather report for Puducherry,Recommended weather report for Puducherry have a chance of rainfall with cloudy weather,PUDUCHERRY,KARAIKAL,KARAIKAL,57:23.8
JAYAD,AGRICULTURE,Pulses,Black Gram (urd bean),Seeds,asking for the black gram varieties suitable for the season,"recommended for the varieties Vamban 4,5 , 7 and 8",PUDUCHERRY,KARAIKAL,KARAIKAL,34:37.3
JAYAD,AGRICULTURE,Pulses,Black Gram (urd bean),Market Information,Villupuram black gram market rate,Recommended for  Villupuram black gram market rate Rs 10089-11782/ quintal,PUDUCHERRY,KARAIKAL,KARAIKAL,40:59.6
JAYAD,AGRICULTURE,Fiber Crops,Cotton (Kapas),Nutrient Management,Flower drop in cotton,Recommended for spray planofix 2 ml/10 litre of water.,PUDUCHERRY,KARAIKAL,KARAIKAL,28:24.3
JAYAD,AGRICULTURE,Fiber Crops,Cotton (Kapas),Nutrient Management,asking about cotton flower drop management,recommended for spray Plano fix 5 ml  / 10  lit of water.,PUDUCHERRY,KARAIKAL,Nedungadu,18:23.6
JAYAD,AGRICULTURE,Others,Others,Soil Testing,Soil testing in agriculture,"Recommended for contact to assistant director of agriculture , karaikaal, puduchery",PUDUCHERRY,KARAIKAL,KARAIKAL,58:19.3
JAYAD,AGRICULTURE,Cereals,Paddy (Dhan),Weed Management,weed management for paddy (Direct wet seeded rice),Recommended for spray Pritilachlor 600 ml/ ac on 8th day after sowing,PUDUCHERRY,KARAIKAL,KARAIKAL,30:47.1
JAYAD,ANIMAL HUSBANDRY,Animal,POULTRY  FARM ,Livestock Products Processing and Packaging,Nagapattinam District Veterinary University Training and Research Centre contact number,Recommended for Nagapattinam District Veterinary University Training and Research Centre contact number  phone :04365-224123,PUDUCHERRY,KARAIKAL,KARAIKAL,45:58.1
NA,AGRICULTURE,Others,Others,Weather,Asking for weather report.,Have told him according to the IMD data analysis.,MIZORAM,SAIHA,SAIHA,28:00.1
RABI,AGRICULTURE,Others,Others,Weather,Rainfall forecast for karaikal District,Recommended for  Rainfall forecast of Karaikal District Today: No Rain Fall (0.0 mm),PUDUCHERRY,KARAIKAL,KARAIKAL,41:03.8
RABI,AGRICULTURE,Cereals,Paddy (Dhan),"	Water Management	",paddy brown leaf hopper control using water management,recommended for Drain the water before use of insecticides.,PUDUCHERRY,KARAIKAL,Thirunallar,27:42.5
RABI,AGRICULTURE,Cereals,Paddy (Dhan),"	Plant Protection	",stem borer management in paddy,Recommended for spray chlorpyriphos 2 ml / lit of water,PUDUCHERRY,KARAIKAL,KARAIKAL,33:57.8
RABI,AGRICULTURE,Others,Others,Weather,weather report,Recommended for today have no rainfall.,PUDUCHERRY,KARAIKAL,KARAIKAL,43:10.4
RABI,AGRICULTURE,Pulses,Black Gram (urd bean),"	Plant Protection	",black gram pest management details,recommended for spray profenophos 2 ml / lit of water.,PUDUCHERRY,KARAIKAL,Kottucherry,54:56.9
RABI,AGRICULTURE,Others,Others,Weather,weather detail for karaikal dist,date from 6 to 7 have no rain,PUDUCHERRY,KARAIKAL,KARAIKAL,45:18.7
RABI,AGRICULTURE,Others,Others,Weather,Weather report for karaikal district,Recommended for weather report today no rain(0mm),PUDUCHERRY,KARAIKAL,Thirunallar,15:57.2
RABI,AGRICULTURE,Others,Others,Weather,puducherry weather report details,recommended for tomorrow no rain .,PUDUCHERRY,KARAIKAL,KARAIKAL,21:19.2
RABI,AGRICULTURE,Others,Others,Weather,weather report,Recommended for today have no rainfall.,PUDUCHERRY,KARAIKAL,KARAIKAL,22:23.2
RABI,HORTICULTURE,Vegetables,Watermelon,Seeds and Planting Material,Watermelon season and varieties,"Recommended for Varieties: Sugar Baby and Arka Manik,PKM 1Hybrids: Arka Jyoti and Pusa Bedana.",PUDUCHERRY,KARAIKAL,KARAIKAL,44:46.0
RABI,AGRICULTURE,Pulses,Black Gram (urd bean),Seeds,Greengram varieties for masipattam,"Recommended for varieties are Co 6, VBN(Gg) 3",PUDUCHERRY,KARAIKAL,Nedungadu,49:29.5
RABI,AGRICULTURE,Cereals,Paddy (Dhan),Fertilizer Use and Availability,paddy fertilizer management,Recommended for apply ammonium sulphate 30kg / ac,PUDUCHERRY,KARAIKAL,KARAIKAL,09:56.5
RABI,AGRICULTURE,Cereals,Paddy (Dhan),"	Plant Protection	",Mealybug in paddy,Recommended for spray Buprofezin (25 SC) @200 ml/ 200 lit of water for 1 acre,PUDUCHERRY,KARAIKAL,Thirunallar,55:14.7
RABI,HORTICULTURE,Flowers,Jasmine,Nutrient Management,Growth regulators spray for Jasmin,"Foliar application of GA3 at 50 to 100 ppm thrice at 40, 55 and 60 days after planting.",PUDUCHERRY,KARAIKAL,KARAIKAL,09:04.4
RABI,AGRICULTURE,Pulses,Black Gram (urd bean),Fertilizer Use and Availability,blackgram foliar application,Recommended for spray DAP 20 gm / lit of water.,PUDUCHERRY,KARAIKAL,KARAIKAL,59:08.9
RABI,AGRICULTURE,Cereals,Paddy (Dhan),"	Plant Protection	",blast in paddy,Recommended for spray Pseudomonas fluorescens 10gm / lit,PUDUCHERRY,KARAIKAL,KARAIKAL,26:34.7
RABI,ANIMAL HUSBANDRY,Animal,POULTRY  FARM ,"Animal Production (Piggery, Goatery, Sheep Farming etc.)",poultry farming details,recommended for Veterinary University Training and Research Centre phone number:9444217792,PUDUCHERRY,KARAIKAL,Kottucherry,47:26.3
RABI,AGRICULTURE,Pulses,Black Gram (urd bean),Cultural Practices,black gram sowing season and variety,"Recommended for black gram sowing season : December -january and variety :  VBN 3, VBN (Bg) 4, VBN(Bg) 5, VBN 6, Co 6, TMV 1",PUDUCHERRY,KARAIKAL,KARAIKAL,10:45.6
RABI,AGRICULTURE,Cereals,Paddy (Dhan),"	Plant Protection	",leaf folder in paddy,Recommended for spray Fipronil 2 ml / lit  of water.,PUDUCHERRY,KARAIKAL,KARAIKAL,48:22.0
RABI,AGRICULTURE,Pulses,Black Gram (urd bean),Cultural Practices,black gram   variety,Recommended for black gram variety: ADT 3,PUDUCHERRY,KARAIKAL,KARAIKAL,09:11.7
RABI,AGRICULTURE,Cereals,Paddy (Dhan),"	Plant Protection	",Brown plant leafhopper in paddy,Recommended for spray  Azadirachtin 3 ml + teepal 1 ml/ lit of water,PUDUCHERRY,KARAIKAL,KARAIKAL,00:07.5
RABI,AGRICULTURE,Pulses,Black Gram (urd bean),Sowing Time and Weather,Blackgram sowing season and variety,"recommended for Markazhi – Thaipattam VBN 3, VBN (Bg) 4, VBN (Bg) 5, TNAU (Blackgram) VBN 6, TNAU (Blackgram) Co 6, TMV 1",PUDUCHERRY,KARAIKAL,KARAIKAL,16:10.5
RABI,AGRICULTURE,Millets,Italian Millet (Thenai/Navane/Foxtail Millet/Kang),Seeds,thenai seeds availability,Recommended for contact to Department of Millets ph 0422-2450507,PUDUCHERRY,KARAIKAL,Thirunallar,15:23.4
RABI,AGRICULTURE,Cereals,Paddy (Dhan),Fertilizer Use and Availability,leaf folder in paddy,Recommended for spray Fipronil 2 ml / lit  of water.,PUDUCHERRY,KARAIKAL,KARAIKAL,32:02.7
RABI,AGRICULTURE,Cereals,Paddy (Dhan),"	Plant Protection	",Paddy in leaf folder,Recommended for spray cartap hydro chloride 2 gram /liter of water.,PUDUCHERRY,KARAIKAL,KARAIKAL,15:03.9
RABI,AGRICULTURE,Others,Others,Weather,Karaikal today weather Report,Recommended for Karaikal Today No Rain Fall,PUDUCHERRY,KARAIKAL,KARAIKAL,49:35.9
RABI,AGRICULTURE,Others,Others,Weather,Karaikal today weather Report,Recommended for Karaikal Today No Rain Fall,PUDUCHERRY,KARAIKAL,KARAIKAL,58:44.9
KHARIF,AGRICULTURE,Others,Others,Weather,Weather forecast details for Puducherry  dist.,Recommended for today and tomorrow weather report is cloudy weather and possibility of light rain chances is there.,PUDUCHERRY,KARAIKAL,KARAIKAL,02:46.2
KHARIF,AGRICULTURE,Fiber Crops,Cotton (Kapas),"	Plant Protection	",Mealy bug in cotton,Recommended for spray Imidacloprid 0.5 ml+ Azadirachtin 3 ml + Teepol 1 ml /litre,PUDUCHERRY,KARAIKAL,KARAIKAL,32:26.5
KHARIF,HORTICULTURE,Vegetables,Garden Pea,Cultural Practices,asking for the harvest details of amaranthus,recommended for the harvest of Leafy types25 days after sowing for Mulaikeerai (10 t/ha)40 days after sowing for Thandukeerai (16 t/ha)Clipping types10 clippings at weekly intervals (30 t/ha),PUDUCHERRY,KARAIKAL,Nedungadu,07:23.8
KHARIF,AGRICULTURE,Oilseeds,Sesame (Gingelly/Til)/Sesamum,Market Information,Market rate information for sesame,Recommended for Tindivanam market rate ; 4125 - 6811 Rs/Quintal,PUDUCHERRY,KARAIKAL,Thirunallar,50:39.4
KHARIF,HORTICULTURE,Vegetables,Brinjal,Fertilizer Use and Availability,chilli basal fertilizer management,recommended for apply urea 26 kg+ super phosphate 140 kg + 19 kg potash / acre,PUDUCHERRY,KARAIKAL,KARAIKAL,42:09.4
KHARIF,AGRICULTURE,Fiber Crops,Cotton (Kapas),Nutrient Management,Cotton Magnesium Deficiency Symptoms,Recommended for spray Foliar spray of MgSO4(Magnesium sulphate ) @ 2 % 20 g/ lit of water .,PUDUCHERRY,KARAIKAL,KARAIKAL,01:54.0
KHARIF,HORTICULTURE,Vegetables,Chillies,Fertilizer Use and Availability,Chilli basal fertilizer management,Recommended for apply urea 25 kg + super phosphate 150 kg + potash 20 kg / ac,PUDUCHERRY,KARAIKAL,KARAIKAL,47:35.6
KHARIF,HORTICULTURE,Vegetables,Chillies,Nursery Management,asking for the nursery management in chillies,recommended that after 6 days of germinated seedlings provide the shade net. water with rose can everyday upto seed germination. Drench with 19:19:19 @ 0.5% (5g/l) at 18 days after sowing.,PUDUCHERRY,KARAIKAL,KARAIKAL,24:56.8
KHARIF,AGRICULTURE,Cereals,Paddy (Dhan),"	Plant Protection	",asking about paddy brown plant leafhopper management,recommended for Vasambu powder 5 kg /acre,PUDUCHERRY,KARAIKAL,KARAIKAL,31:18.6
KHARIF,HORTICULTURE,Vegetables,Bhindi(Okra/Ladysfinger),Cultural Practices,bhendi foliar spray details,recommended for spray 19:19:19 - 5 g / lit of water.,PUDUCHERRY,KARAIKAL,KARAIKAL,34:20.0
KHARIF,AGRICULTURE,Others,Others,Weather,weather report for Karaikal,Recommended for weather report for Karaikal  no rain fall,PUDUCHERRY,KARAIKAL,KARAIKAL,49:10.4
KHARIF,AGRICULTURE,Fiber Crops,Cotton (Kapas),"	Plant Protection	",Mealy bug control management in cotton,Recommended for spray profenophos 2 ml / 1 litre of water,PUDUCHERRY,KARAIKAL,KARAIKAL,08:12.3
KHARIF,AGRICULTURE,Pulses,Black Gram (urd bean),Nutrient Management,Black gram foliar spray,"Recommended for spray DAP 2 kg (20 g / lit of  water )/ acre after 30,45th day of planting",PUDUCHERRY,KARAIKAL,KARAIKAL,15:59.5
KHARIF,AGRICULTURE,Others,Others,Weather,weather report of Pondicherry,Recommended weather report of Pondicherry have a light rainfall today,PUDUCHERRY,KARAIKAL,KARAIKAL,53:20.2
KHARIF,HORTICULTURE,Vegetables,Chillies,Seeds and Planting Material,Asking about chilli hybrid seeds availability,Recommended for contact number  0422-6611283,PUDUCHERRY,KARAIKAL,KARAIKAL,55:55.7
KHARIF,AGRICULTURE,Cereals,Paddy (Dhan),Weed Management,weed management in paddy,Recommended for apply only hand weeding,PUDUCHERRY,KARAIKAL,KARAIKAL,08:12.3
RABI,AGRICULTURE,Cereals,Paddy (Dhan),Market Information,Paddy market rate,Recommended as paddy market rate : Rs. (White Ponni) 2250 / Quintal.,PUDUCHERRY,PUDUCHERRY,VILLIANUR,07:41.3
RABI,HORTICULTURE,Vegetables,Drum Stick,Cultural Practices,moringa ratoon crop duration,Recommended for 3 years,PUDUCHERRY,PUDUCHERRY,PUDUCHERRY,23:10.4
RABI,AGRICULTURE,Pulses,Black Gram (urd bean),Sowing Time and Weather,suitable season and variety for blackgram,"recommended for the season is Markazhi – Thaipattam(Winter Irrigated) VBN 3, VBN (Bg) 4, VBN (Bg) 5, TNAU (Blackgram) VBN 6, TNAU (Blackgram) Co 6, TMV 1",PUDUCHERRY,PUDUCHERRY,MANNADIPET,19:42.1
RABI,AGRICULTURE,Others,Others,Government Schemes,crop loan details,recommended for the contact near bank,PUDUCHERRY,PUDUCHERRY,MANNADIPET,07:59.0
RABI,AGRICULTURE,Oilseeds,Sesame (Gingelly/Til)/Sesamum,Varieties,Suitable sesame varieties for Margazhipattam (December -January),"Recommended for CO 1, TMV 3, TMV 5, TMV 7, SVPR 1, VRI(SV) 2",PUDUCHERRY,PUDUCHERRY,VILLIANUR,14:58.8
RABI,AGRICULTURE,Cereals,Paddy (Dhan),"	Plant Protection	",paddy Brown plant leafhopper management,recommended for imidochlopirid 4 ml /10 litre of water,PUDUCHERRY,PUDUCHERRY,PUDUCHERRY,45:02.8
RABI,AGRICULTURE,Others,Others,Nutrient Management,Foliar nutrient spray for vetiver crop,Recommended for spray 19:19:19-5 g / litre of water,PUDUCHERRY,PUDUCHERRY,NETTAPAKKAM,20:57.4
RABI,AGRICULTURE,Cereals,Paddy (Dhan),Market Information,ponni market price,Recommended for market price is Rs 2250/Quintal.,PUDUCHERRY,PUDUCHERRY,PUDUCHERRY,31:53.4
RABI,HORTICULTURE,Plantation Crops,Teak,"	Plant Protection	",savukkum maram root rot,Recommended for apply Trichoderma viride 1 kg+ 20 FYM / acre,PUDUCHERRY,PUDUCHERRY,VILLIANUR,05:41.5
RABI,AGRICULTURE,Cereals,Paddy (Dhan),Market Information,Thattanchavady paddy White Ponni market rate,Recommended for Thattanchavady paddy White Ponni market rate : 1667 - 1952 Rs/Quintal,PUDUCHERRY,PUDUCHERRY,VILLIANUR,31:35.1
RABI,AGRICULTURE,Others,Others,Market Information,asking about FYM and vermicompost marketing information,Recommended contact to block level agriculture office,PUDUCHERRY,PUDUCHERRY,PUDUCHERRY,18:42.7
RABI,AGRICULTURE,Oilseeds,Sesame (Gingelly/Til)/Sesamum,Market Information,gingelly market rate,recommended for Villupuram gingelly market rate Rs 3620-3870/ quintal,PUDUCHERRY,PUDUCHERRY,BAHOUR,02:22.5
RABI,AGRICULTURE,Pulses,Black Gram (urd bean),Seeds,asking about black gram vamban variety seeds availability,"recommended for contact to vamban research station , 04322-296035",PUDUCHERRY,PUDUCHERRY,MANNADIPET,22:48.5
RABI,AGRICULTURE,Pulses,Black Gram (urd bean),Seeds,seed rate of black gram,recommended for seed rate of black gram is 8 kg/ac,PUDUCHERRY,PUDUCHERRY,PUDUCHERRY,09:47.9
RABI,HORTICULTURE,Vegetables,Drum Stick,Seeds and Planting Material,annual moringa seeds availability details,Recommended for contact to horticultural department ph 04146-221163,PUDUCHERRY,PUDUCHERRY,NETTAPAKKAM,33:32.8
RABI,HORTICULTURE,Vegetables,Drum Stick,Seeds and Planting Material,Drum stick seed availability,Recommneded to contact Villupuram district Deputy Director of Horticulture phone:04146-221163,PUDUCHERRY,PUDUCHERRY,NETTAPAKKAM,38:09.5
RABI,HORTICULTURE,Vegetables,Drum Stick,Seeds and Planting Material,annual moringa seeds availability,"recommended for contact to Krishi Vigyan Kendra,Kurumbapet, Puducherry – 605 009 0413-2271292",PUDUCHERRY,PUDUCHERRY,NETTAPAKKAM,51:45.3
RABI,AGRICULTURE,Cereals,Paddy (Dhan),Seeds,asking about tamilnadu agricultural university address,"recommended address : Professor and Head,Department of Rice,TNAU,Coimbatore-641003",PUDUCHERRY,PUDUCHERRY,PUDUCHERRY,22:45.7
RABI,AGRICULTURE,Cereals,Paddy (Dhan),Fertilizer Use and Availability,paddy market information,recommended for paddy market information Rs 1638/ quintal,PUDUCHERRY,PUDUCHERRY,VILLIANUR,50:11.6
RABI,AGRICULTURE,Pulses,Black Gram (urd bean),Seeds,total yield of black gram,recommended for total yield of black gram is 360 kg/ac,PUDUCHERRY,PUDUCHERRY,PUDUCHERRY,04:45.9
RABI,AGRICULTURE,Others,Others,Weather,Nagapattinam weather Report,Recommended for Nagapattinam Today No Rain Fall (0.0 mm),PUDUCHERRY,PUDUCHERRY,PUDUCHERRY,49:36.6
RABI,AGRICULTURE,Oilseeds,Sesame (Gingelly/Til)/Sesamum,Market Information,Villupuram sesame market rate,Recommended for Villupuram sesame market rate : 3961 - 4199 Rs/Quintal,PUDUCHERRY,PUDUCHERRY,BAHOUR,54:08.4
RABI,AGRICULTURE,Cereals,Paddy (Dhan),"	Plant Protection	",Flase smut in paddy,recommended for the spray  Propiconazole 1ml /lit of water,PUDUCHERRY,PUDUCHERRY,OZHUKARAI,36:55.3
RABI,AGRICULTURE,Cereals,Paddy (Dhan),"	Plant Protection	",neelbo application method,Recommended for neelbo application method  at 500 ml/ac,PUDUCHERRY,PUDUCHERRY,PUDUCHERRY,56:46.0
RABI,AGRICULTURE,Pulses,Black Gram (urd bean),Weed Management,weed management for blackgram,Recommended for spray Pendimethalin 800ml / 200 littes ac 3rd days after sowing,PUDUCHERRY,PUDUCHERRY,PUDUCHERRY,11:14.2
RABI,AGRICULTURE,Cereals,Paddy (Dhan),Varieties,Suitable paddy varieties for navarai season,"Recommended for paddy varieties ; ADT 36, ADT 39, ASD 16, ASD 18, ADT 43, ADT (R) 45, MDU 5, CO 47,CORH 3, CO 51.",PUDUCHERRY,PUDUCHERRY,OZHUKARAI,43:44.5
RABI,AGRICULTURE,Cereals,Paddy (Dhan),Varieties,suitable paddy varieties for navarai season,"Recommended for paddy varieties at ADT 36, ADT 39, ASD 16, ASD 18, ADT 43, ADT (R) 45, MDU 5, CO 47 and CORH 3",PUDUCHERRY,PUDUCHERRY,OZHUKARAI,48:59.6
RABI,AGRICULTURE,Pulses,Black Gram (urd bean),"	Field Preparation	",Black gram sowing season,Recommended for season Markazhi – Thaipattam,PUDUCHERRY,PUDUCHERRY,PUDUCHERRY,10:38.4
RABI,AGRICULTURE,Pulses,Black Gram (urd bean),"	Plant Protection	",Bean Aphids in black gram,Recommended for spray triazophos 1ml / lit,PUDUCHERRY,PUDUCHERRY,PUDUCHERRY,15:18.0
RABI,AGRICULTURE,Cereals,Paddy (Dhan),Market Information,White Ponni market rate,Recommended as White Ponni market rate : Rs.1908 - 2132 / Quintal.,PUDUCHERRY,PUDUCHERRY,PUDUCHERRY,49:13.7
RABI,AGRICULTURE,Oilseeds,Groundnut (pea nut/mung phalli),Cultural Practices,groundnut sowing season and variety,"Recommended for groundnut sowing season : April - May and variety : TMV 7, CO 3, COGn 4, VRI 2, VRI 3,TMVGn 13",PUDUCHERRY,PUDUCHERRY,NETTAPAKKAM,51:49.1
RABI,AGRICULTURE,Oilseeds,Groundnut (pea nut/mung phalli),Cultural Practices,groundnut sowing season and variety,"Recommended for groundnut sowing season : April - May and variety : TMV 7, CO 3, COGn 4, VRI 2, VRI 3,TMVGn 13",PUDUCHERRY,PUDUCHERRY,VILLIANUR,59:50.2
RABI,AGRICULTURE,Pulses,Black Gram (urd bean),Fertilizer Use and Availability,blackgram foliar application details,Recommended for spray DAP 20 gm / lit of water.,PUDUCHERRY,PUDUCHERRY,PUDUCHERRY,58:32.6
RABI,HORTICULTURE,Fruits,Citrus,"	Plant Protection	",Citrus leaf miner management,recommended for spray neem oil 3 ml + teepol 1 ml / lit of water.,PUDUCHERRY,PUDUCHERRY,ARIYANKUPPAM,50:02.8
RABI,AGRICULTURE,Others,Others,Market Information,paddy market information (white ponni),recommended for Thattanchavady market price Rs.1908-2132 /Quintal (08.01.16),PUDUCHERRY,PUDUCHERRY,BAHOUR,05:52.3
RABI,HORTICULTURE,Vegetables,Ash Gourd (Petha),Seeds and Planting Material,Palur Vegetable Research Station contact number,Recommended for Palur Vegetable Research Station contact number ph 04142-75222,PUDUCHERRY,PUDUCHERRY,OZHUKARAI,22:54.3
RABI,AGRICULTURE,Cereals,Paddy (Dhan),Market Information,whiteponni market rate,recommended for Thattanchavady whiteponni market rate Rs 1908-2132/ quintal,PUDUCHERRY,PUDUCHERRY,MANNADIPET,20:13.4
RABI,AGRICULTURE,Millets,Barnyard Millet (Kundiraivlli/Sawan,Cultural Practices,Kudiraivali seed rate,Recommended for Kudiraivali seed rate ; 4 kg / acre,PUDUCHERRY,PUDUCHERRY,ARIYANKUPPAM,54:45.9
RABI,AGRICULTURE,Beekeeping,Beekeeping,Training and Exposure Visits,bee keeping training details,recommended for phone number:0422-6611214,PUDUCHERRY,PUDUCHERRY,PUDUCHERRY,28:30.3
RABI,AGRICULTURE,Others,Others,"	Plant Protection	",casurina root rot  management details,recommended for drench with copper oxy chloride 2 g / lit of water.,PUDUCHERRY,PUDUCHERRY,VILLIANUR,08:11.1
RABI,AGRICULTURE,Cereals,Paddy (Dhan),Market Information,market price for paddy,recommended for the paddy price  : Rs 1900-2083 /quintal,PUDUCHERRY,PUDUCHERRY,MANNADIPET,51:33.5
RABI,AGRICULTURE,Cereals,Paddy (Dhan),Market Information,market price of paddy variety BPT,recommended for market price of paddy variety BPT is rs.1745-1785/quintal,PUDUCHERRY,PUDUCHERRY,VILLIANUR,59:13.3
RABI,AGRICULTURE,Oilseeds,Sesame (Gingelly/Til)/Sesamum,Market Information,Virudhachalam sesame market rate,Recommended for Virudhachalam sesame market rate : 3461 - 6136 Rs./Quintal,PUDUCHERRY,PUDUCHERRY,BAHOUR,51:01.4
RABI,AGRICULTURE,Fodder Crops,fodder sorghum,Cultural Practices,Fodder sorghum planting spacing,Recommended for Fodder sorghum planting spacing is 25 x 10 cm,PUDUCHERRY,PUDUCHERRY,ARIYANKUPPAM,16:14.1
RABI,AGRICULTURE,Pulses,Black Gram (urd bean),Cultural Practices,black gram seed availability details,recommended to contact number : 04322-296035,PUDUCHERRY,PUDUCHERRY,PUDUCHERRY,02:08.4
RABI,AGRICULTURE,Millets,Maize (Makka),Cultural Practices,maize sowing season details,recommended for maize sowing season  : January  - February,PUDUCHERRY,PUDUCHERRY,ARIYANKUPPAM,23:50.8
RABI,AGRICULTURE,Millets,Maize (Makka),Sowing Time and Weather,Sowing season for maize crop,"Recommended for Adipattam (July - August),Purattasipattam (September - October) and Thaipattam (January - February)",PUDUCHERRY,PUDUCHERRY,ARIYANKUPPAM,10:57.9
RABI,AGRICULTURE,Pulses,Black Gram (urd bean),Cultural Practices,black gram sowing season details,recommended for  black gram sowing season : December -January,PUDUCHERRY,PUDUCHERRY,OZHUKARAI,03:35.7
RABI,HORTICULTURE,Vegetables,Bhindi(Okra/Ladysfinger),Seeds and Planting Material,Bhendi seed availability,Recommended for to contact villupuram district deputy director of horticulture  phone :04146-221163,PUDUCHERRY,PUDUCHERRY,MANNADIPET,11:29.3
RABI,AGRICULTURE,Millets,Maize (Makka),Varieties,asking about maize season and varieties information,"recommended varieties are : Thaipattam (January - February) TNAU maize hybrid Co 6, Baby corn Co(Bc) 1",PUDUCHERRY,PUDUCHERRY,ARIYANKUPPAM,30:34.5
RABI,HORTICULTURE,Vegetables,Drum Stick,"	Plant Protection	",moringa sucking pest control,recommended for spray Neem oil 3 ml + 1 ml teepol / lit of water,PUDUCHERRY,PUDUCHERRY,NETTAPAKKAM,40:03.7
RABI,AGRICULTURE,Pulses,Black Gram (urd bean),Weed Management,Weed management in black gram,Recommended for spray Quizalofop ethyl 400 ml /acre 15-20 days after sowing,PUDUCHERRY,PUDUCHERRY,ARIYANKUPPAM,13:05.5
RABI,AGRICULTURE,Pulses,Moth Bean (kidney bean/ deww gram),Sowing Time and Weather,soybean sowing season,Recommended for soybean sowing season at February - March,PUDUCHERRY,PUDUCHERRY,ARIYANKUPPAM,07:35.8
RABI,AGRICULTURE,Cereals,Paddy (Dhan),Market Information,paddy Papatla Karaikal market rate(13.1.2016),Recommended for paddy Papatla Karaikal market rate Rs 1667-1750 / quintal,PUDUCHERRY,PUDUCHERRY,VILLIANUR,48:34.1
RABI,AGRICULTURE,Oilseeds,Groundnut (pea nut/mung phalli),"	Plant Protection	",top dressing for groundnut,recommended for apply Gypsum 100kg+borax 10kg/ac,PUDUCHERRY,PUDUCHERRY,BAHOUR,47:31.1
RABI,AGRICULTURE,Pulses,Black Gram (urd bean),Weed Management,weed management in blackgram,recommended for spray quizalofop ethyl 300ml/ac/200lit of water,PUDUCHERRY,PUDUCHERRY,ARIYANKUPPAM,48:36.9
RABI,AGRICULTURE,Cereals,Paddy (Dhan),Seeds,contact no of rice department,recommended number for department of rice is 0422-2474967,PUDUCHERRY,PUDUCHERRY,PUDUCHERRY,00:25.3
RABI,AGRICULTURE,Pulses,Green Gram (Moong Bean/ Moong),Varieties,asking about green gram season and varieties,"recommended for Margazhi-Thai Pattam (December – January) , VBN(Gg) 2, VBN(Gg)3",PUDUCHERRY,PUDUCHERRY,PUDUCHERRY,44:24.8
RABI,HORTICULTURE,Vegetables,Drum Stick,Cultural Practices,Asking about Intercropping in drum stick,"Recommended for Intercropping in drum stick is Cowpea, Bhendi and Tomato .",PUDUCHERRY,PUDUCHERRY,NETTAPAKKAM,33:55.9
RABI,AGRICULTURE,Pulses,Black Gram (urd bean),Sowing Time and Weather,Black gram season,recommended for upto 1 st week of February,PUDUCHERRY,PUDUCHERRY,VILLIANUR,37:17.5
RABI,AGRICULTURE,Cereals,Paddy (Dhan),Varieties,Paddy Navarai varieties,"Recommended for ADT 36, ADT 39, ASD 16, ASD 18, ADT 43, ADT (R) 45, MDU 5, CO 47,CORH 3, ADT 43, ADT (R) 45",PUDUCHERRY,PUDUCHERRY,VILLIANUR,43:43.4
RABI,AGRICULTURE,Oilseeds,Sesame (Gingelly/Til)/Sesamum,Seeds,Sesame seed availability,recommended for contacting Oilseeds research station 04147-250293 and 04147-250001,PUDUCHERRY,PUDUCHERRY,OZHUKARAI,19:11.8
RABI,ANIMAL HUSBANDRY,Animal,POULTRY  FARM ,"Animal Production (Piggery, Goatery, Sheep Farming etc.)",asking about poultry farming information,"Recommended Veterinary University Training and Research Centre, Nagapattinam contact no. 04365 - 224123",PUDUCHERRY,PUDUCHERRY,PUDUCHERRY,33:39.8
RABI,AGRICULTURE,Cereals,Paddy (Dhan),Nutrient Management,asking about paddy top dressing fertilizer application,recommended for apply micro food 5 kg / acre,PUDUCHERRY,PUDUCHERRY,ARIYANKUPPAM,40:45.7
RABI,AGRICULTURE,Cereals,Paddy (Dhan),Market Information,B P T Market rate,Recommended as Rs. 1667 - 1750 / Quintal,PUDUCHERRY,PUDUCHERRY,PUDUCHERRY,18:09.0
RABI,AGRICULTURE,Cereals,Paddy (Dhan),Crop Insurance,Paddy crop insurance detail,recommended for contact to near block level agriculture department office.,PUDUCHERRY,PUDUCHERRY,NETTAPAKKAM,52:28.6
RABI,AGRICULTURE,Cereals,Paddy (Dhan),Seeds,suitable varieties for paddy,"recommended for ADT 36, ADT 39, ASD 16, ASD 18, ADT 43, ADT (R) 45, MDU 5, CO 47,CORH 3",PUDUCHERRY,PUDUCHERRY,NETTAPAKKAM,18:23.0
RABI,AGRICULTURE,Oilseeds,Sesame (Gingelly/Til)/Sesamum,Market Information,Sesame market rate,Recommended as sesame market rate : Rs. 2098 - 3890 / Quintal,PUDUCHERRY,PUDUCHERRY,BAHOUR,44:45.1
RABI,AGRICULTURE,Cereals,Paddy (Dhan),Varieties,Suitable paddy varieties for navarai season,"Recommended for paddy varieties : ADT 36, ADT 39, ASD 16, ASD 18, ADT 43, ADT (R) 45, MDU 5, CO 47,CORH 3, CO 51.",PUDUCHERRY,PUDUCHERRY,VILLIANUR,00:10.1
RABI,AGRICULTURE,Pulses,Green Gram (Moong Bean/ Moong),Sowing Time and Weather,green gram sowing season,Recommended for green gram sowing season at December – January,PUDUCHERRY,PUDUCHERRY,PUDUCHERRY,15:07.2
RABI,AGRICULTURE,Pulses,Black Gram (urd bean),Nutrient Management,Black gram foliar spray,Recommended for spray DAP 20 gram /liter of water.,PUDUCHERRY,PUDUCHERRY,PUDUCHERRY,31:43.9
RABI,AGRICULTURE,Oilseeds,Groundnut (pea nut/mung phalli),"	Plant Protection	",Ground nut Stem rot management,recommended for apply Trichoderma viride 1 kg / ac,PUDUCHERRY,PUDUCHERRY,NETTAPAKKAM,11:28.9
RABI,HORTICULTURE,Condiments and Spices,Cardamom,Seeds and Planting Material,Cardamom varieties,"recommended for Malabar : Mudigree 1, Mudigree 2, PV 1, ICRI 1, ICRI 3, TKD 4,IISR Suvarna, IISR Vijetha, IISR Avinash, Mysore : ICRI 2, Vazhukka : PV2, Njallani (Green gold).",PUDUCHERRY,PUDUCHERRY,ARIYANKUPPAM,17:43.4
RABI,HORTICULTURE,Condiments and Spices,Cardamom,Field Preparation,Cardamom Major markets in Tamil Nadu,"recommended markets are : Bodinayakanur, Kumily, Thekkady, Kumbum",PUDUCHERRY,PUDUCHERRY,ARIYANKUPPAM,35:33.4
RABI,AGRICULTURE,Cereals,Paddy (Dhan),Market Information,paddy market information,recommended for paddy market information 1782 / quintal,PUDUCHERRY,PUDUCHERRY,ARIYANKUPPAM,40:31.7
RABI,AGRICULTURE,Sugar and Starch Crops,Sugarcane (Noble Cane),Fertilizer Use and Availability,Sugarcane top dressing fertilizer,recommended for spray urea 75 kg+ potash 25 kg+ mn mixture 10 kg/ac.,PUDUCHERRY,PUDUCHERRY,PUDUCHERRY,08:32.1
RABI,AGRICULTURE,Pulses,Black Gram (urd bean),Nutrient Management,foliar spray for blackgram,recommended for spray DAP 2kg/ac/200 lit of water,PUDUCHERRY,PUDUCHERRY,VILLIANUR,00:01.3
RABI,AGRICULTURE,Pulses,Black Gram (urd bean),Weed Management,black gram weed management,recommended for the spray   quizalofop ethyl  300ml /acre,PUDUCHERRY,PUDUCHERRY,ARIYANKUPPAM,41:43.8
RABI,AGRICULTURE,Pulses,Black Gram (urd bean),Weed Management,Weed management for black gram,Recommended for spray quizalofop ethyl 300 ml / 200 litre of water.,PUDUCHERRY,PUDUCHERRY,ARIYANKUPPAM,47:26.4
RABI,HORTICULTURE,Vegetables,Bhindi(Okra/Ladysfinger),"	Plant Protection	",bhendi top dressing fertilizer management,Recommended for apply urea 17 kg / ac.,PUDUCHERRY,PUDUCHERRY,PUDUCHERRY,25:53.2
RABI,AGRICULTURE,Pulses,Black Gram (urd bean),Varieties,varieties for black gram,"Recommended for black gram varieties at VBN 3,VBN (Bg) 4, VBN(Bg) 5, VBN 6, Co 6 TMV 1",PUDUCHERRY,PUDUCHERRY,PUDUCHERRY,26:07.8
RABI,AGRICULTURE,Pulses,Black Gram (urd bean),Market Information,black gram season and varieties,"recommended for Markazhi – Thaipattam(Winter Irrigated)VBN 3, VBN (Bg) 4, VBN (Bg) 5,VBN 6, Co 6, TMV 1",PUDUCHERRY,PUDUCHERRY,PUDUCHERRY,14:17.6
RABI,AGRICULTURE,Others,Others,Weather,cuddalore weather report details,recommended for tomorrow no rain,PUDUCHERRY,PUDUCHERRY,NETTAPAKKAM,27:35.2
RABI,HORTICULTURE,Fruits,Mango,Nutrient Management,flower shed in mango,Recommended for spray planofix 5 ml /10 lit of water,PUDUCHERRY,PUDUCHERRY,OZHUKARAI,47:35.8
RABI,AGRICULTURE,Pulses,Bengal Gram (Gram/Chick Pea/Kabuli/Chana),Market Information,Black gram and Ponni market price,Recommended for Thattanchavady black gram market price is Rs 9609-9809/Quintal. White ponni Rs 1680-2159/Quintal.,PUDUCHERRY,PUDUCHERRY,PUDUCHERRY,57:25.7
RABI,HORTICULTURE,Fruits,Acid Lime,"	Plant Protection	",Citrus canker management,Recommended for spray copper oxy chloride 2.5 gram /liter of water.,PUDUCHERRY,PUDUCHERRY,PUDUCHERRY,31:33.2
RABI,HORTICULTURE,Fruits,Mango,Seeds and Planting Material,mango nursery /acre,recommended for 10m between sucessive double rows ( 266 plants/ha ),PUDUCHERRY,PUDUCHERRY,PUDUCHERRY,32:13.7
RABI,AGRICULTURE,Millets,Maize (Makka),Seeds,Maize seed availability,Recommended for contact number 04545-292900/ 292910/267373,PUDUCHERRY,PUDUCHERRY,PUDUCHERRY,39:58.0
RABI,AGRICULTURE,Pulses,Black Gram (urd bean),Nutrient Management,blackgram TNAU foliar application,Recommended for spray pulses wonder 2kg / ac 200 litter of water,PUDUCHERRY,PUDUCHERRY,PUDUCHERRY,26:58.6
RABI,AGRICULTURE,Cereals,Paddy (Dhan),Seeds,TRY 3 duration and season,"Recommended for Duration (days) - 135, Season - Samba / Late Samba / Thaladi.",PUDUCHERRY,PUDUCHERRY,PUDUCHERRY,24:22.1
RABI,AGRICULTURE,Cereals,Paddy (Dhan),Varieties,paddy varieties,"Recommended for ADT 36, ASD 16, ASD 18, MDU 5, CO 47,CORH 3",PUDUCHERRY,PUDUCHERRY,PUDUCHERRY,44:47.3
RABI,AGRICULTURE,Pulses,Black Gram (urd bean),Varieties,foliar spray for blackgram,recommended for spray DAP 2kg/ac/200 lit of water,PUDUCHERRY,PUDUCHERRY,PUDUCHERRY,58:45.0
RABI,AGRICULTURE,Oilseeds,Groundnut (pea nut/mung phalli),Fertilizer Use and Availability,Top dressing for groundnut,Recommended for apply urea 20 kg + potash 10 kg + borax 4 kg + gypsum 75 kg / acre,PUDUCHERRY,PUDUCHERRY,ARIYANKUPPAM,52:43.5
RABI,AGRICULTURE,Oilseeds,Safflower (kusum/kardi),Market Information,Sesame market price,Recommended for Thirukovilur market price is Rs 3173-4787/Quintal. Villupuram Rs 3586-4661/Quintal.,PUDUCHERRY,PUDUCHERRY,BAHOUR,00:48.2
RABI,HORTICULTURE,Vegetables,Drum Stick,"	Plant Protection	",leaf eating caterpillar control in drumstick,Recommended for Spray profenophos 2 ml / lit of water,PUDUCHERRY,PUDUCHERRY,NETTAPAKKAM,53:06.2
RABI,AGRICULTURE,Pulses,Black Gram (urd bean),Market Information,black gram market rate,Recommended for Rs.9179/ Quintal,PUDUCHERRY,PUDUCHERRY,VILLIANUR,40:12.3
RABI,ANIMAL HUSBANDRY,Animal,POULTRY  FARM ,Dairy Production,veterinary department no of cuddalore,recommended number for cuddalore veterinary department is 04142-220049,PUDUCHERRY,PUDUCHERRY,PUDUCHERRY,47:33.3
KHARIF,AGRICULTURE,Others,Others,Training and Exposure Visits,Asking about Pondicherry kvk number,Recommended for contact number 04368 236479,PUDUCHERRY,PUDUCHERRY,VILLIANUR,26:56.6
KHARIF,AGRICULTURE,Cereals,Paddy (Dhan),Fertilizer Use and Availability,asking about paddy basal fertilizers,Recommended for apply DAP 50 kg + zinc sulphate 10 kg + neem cake 10kg + FYM 10ton /ac,PUDUCHERRY,PUDUCHERRY,NETTAPAKKAM,53:29.0
KHARIF,HORTICULTURE,Vegetables,Bhindi(Okra/Ladysfinger),Nutrient Management,foliar spray in bhindi,Recommended for spray 19:19:19 fertilizer  5g / lit of water,PUDUCHERRY,PUDUCHERRY,PUDUCHERRY,01:20.4
KHARIF,AGRICULTURE,Cereals,Paddy (Dhan),Cultural Practices,asking about paddy suitable varieties,"recommneded for White Ponni, CO 43, CR 1009, ADT 38, TRY 1*, ASD 19, ADT (R) 44, CORH 4, CO (R) 48, CO (R) 49, CO (R) 50, ADT (R) 49, TNAU Rice ADT 50",PUDUCHERRY,PUDUCHERRY,PUDUCHERRY,23:54.2
NA,HORTICULTURE,Vegetables,Chillies,"	Plant Protection	",asking about chilli leaf curling,recommended for spray azadirachtin – 3 ml/ lit of water,PUDUCHERRY,PUDUCHERRY,ARIYANKUPPAM,18:50.5
KHARIF,HORTICULTURE,Fruits,Acid Lime,"	Plant Protection	",Asked about citrus canker management,recommended for spray copper oxychloride 2.5gm + tetra cycline 1 gm /lit of water,PUDUCHERRY,PUDUCHERRY,BAHOUR,42:40.5
KHARIF,AGRICULTURE,Millets,Pearl Millet (Bajra/Bulrush Millet/Spiked Millet),Market Information,Asking about bajra market rate,Recommended for bajra market rate theni Rs 1760-1840/quintal,PUDUCHERRY,PUDUCHERRY,PUDUCHERRY,30:24.7
KHARIF,AGRICULTURE,Fodder Crops,fodder sorghum,Seeds,CO (FS) 29 Fodder Cholam seeds availability,recommended for contact to TNAU Department to forage crops ph 0422-6611228,PUDUCHERRY,PUDUCHERRY,PUDUCHERRY,04:20.1
KHARIF,AGRICULTURE,Fodder Crops,Napier Grass,Seeds,Forage seeds availability information,"Recommended for contact to Department of Forage Crops, TNAU, Coimbatore 0422-6611228",PUDUCHERRY,PUDUCHERRY,PUDUCHERRY,18:28.2
KHARIF,AGRICULTURE,Cereals,Paddy (Dhan),Fertilizer Use and Availability,foliar application for paddy,Recommended for spray zinc sulphate 5gm / liter of water,PUDUCHERRY,PUDUCHERRY,NETTAPAKKAM,07:37.7
KHARIF,HORTICULTURE,Fruits,Banana,Nutrient Management,Banana fertilizer application,Recommended for apply 47 g urea  110 g potash /plant / up to 8 month,PUDUCHERRY,PUDUCHERRY,MANNADIPET,49:17.7
KHARIF,AGRICULTURE,Cereals,Paddy (Dhan),Seeds,Paddy seeds availability,"Recommended for contact to Department of Rice, TNAU,Coimbatore-641003 phone:0422-2474967",PUDUCHERRY,PUDUCHERRY,PUDUCHERRY,43:57.1
KHARIF,HORTICULTURE,Vegetables,Brinjal,"	Plant Protection	",shoot borer in brinjal,Recommended for spray profenophos 2ml + teepol 1ml + neemoil 3ml/lit of water,PUDUCHERRY,PUDUCHERRY,MANNADIPET,18:58.3
KHARIF,AGRICULTURE,Cereals,Paddy (Dhan),Market Information,Gingee Paddy market rate,Recommended for other variety paddy Rs.1400-1785/ Quintal,PUDUCHERRY,PUDUCHERRY,NETTAPAKKAM,56:56.6
KHARIF,AGRICULTURE,Others,Others,"	Plant Protection	",Asking about Root rot management in casurina,Recommended for carbendazim 2 gram / litre of water,PUDUCHERRY,PUDUCHERRY,PUDUCHERRY,34:01.3
KHARIF,HORTICULTURE,Vegetables,Brinjal,"	Plant Protection	",shoot and fruit borer in brinjal,Recommended for spray profenophos 2ml + neem oil 3ml + teepol 1ml / lit,PUDUCHERRY,PUDUCHERRY,ARIYANKUPPAM,35:29.9
KHARIF,HORTICULTURE,Vegetables,Brinjal,Nutrient Management,brinjal foliar application,Recommended for brinjal foliar spray for 19:19:19 50 gm / tank,PUDUCHERRY,PUDUCHERRY,ARIYANKUPPAM,36:37.9
KHARIF,AGRICULTURE,Cereals,Paddy (Dhan),"	Plant Protection	",Asking about carbofuron application for paddy nursery,Recommended for apply carbofuron 33 gram /cent,PUDUCHERRY,PUDUCHERRY,PUDUCHERRY,37:44.5
KHARIF,AGRICULTURE,Cereals,Paddy (Dhan),Fertilizer Use and Availability,paddy top dressing fertilizer management,Recommended for apply urea 25 kg + potash 15 kg + neem cake 5 kg / ac,PUDUCHERRY,PUDUCHERRY,MANNADIPET,24:01.0
KHARIF,AGRICULTURE,Cereals,Paddy (Dhan),"	Plant Protection	",Thrips attack in paddy nursery,Recommended for spray Azadirachtin 3 ml / litre of water,PUDUCHERRY,PUDUCHERRY,VILLIANUR,57:47.3
KHARIF,HORTICULTURE,Vegetables,Brinjal,"	Plant Protection	",Hadda beetle in Brinjal,Recommended for spray Profenophos 2 ml+ Teepol 1 ml/litre of water.,PUDUCHERRY,PUDUCHERRY,ARIYANKUPPAM,08:11.4
KHARIF,HORTICULTURE,Vegetables,Bhindi(Okra/Ladysfinger),"	Plant Protection	",asking about Jassids in Bhendi,Recommended for spray Dimethoate 2ml / liter of water,PUDUCHERRY,PUDUCHERRY,PUDUCHERRY,17:40.2
KHARIF,AGRICULTURE,Oilseeds,Sesame (Gingelly/Til)/Sesamum,Market Information,market price of sesame,recommended for market price of sesame is rs.3863-7232/quintal,PUDUCHERRY,PUDUCHERRY,ARIYANKUPPAM,09:20.2
KHARIF,HORTICULTURE,Vegetables,Chillies,Nutrient Management,Chilli basal fertilizer management,Recommended for apply urea 25 kg + super phospahte 150 kg + potash 20 kg / ac,PUDUCHERRY,PUDUCHERRY,ARIYANKUPPAM,44:59.5
KHARIF,AGRICULTURE,Cereals,Paddy (Dhan),Nutrient Management,top fertilizer management for paddy,Recommended for apply urea 25kg + Potash 15kg + Neemcake 5kg + MN mixture 5kg/ac,PUDUCHERRY,PUDUCHERRY,NETTAPAKKAM,28:33.5
KHARIF,AGRICULTURE,Others,Others,Credit,Asked about how to apply crop loan,recommended for prepare to complete project report and contact to near nationalized bank,PUDUCHERRY,PUDUCHERRY,BAHOUR,02:04.4
KHARIF,AGRICULTURE,Cereals,Paddy (Dhan),Fertilizer Use and Availability,Paddy basal fertilizer,Recommended for apply DAP 50 kg + zinc sulphate 10kg + neem cake 10 kg/ac,PUDUCHERRY,PUDUCHERRY,NETTAPAKKAM,22:15.7
KHARIF,AGRICULTURE,Sugar and Starch Crops,Tapioca (Cassava),Fertilizer Use and Availability,Asking about basal fertilizer management for tapioca,Recommended for Apply urea 40 kg + supper phosphate 225 kg + potash 80 kg /acre,PUDUCHERRY,PUDUCHERRY,ARIYANKUPPAM,31:48.0
KHARIF,AGRICULTURE,Cereals,Paddy (Dhan),Weed Management,Weed management for paddy,Recommended for apply Butachlor 600 gram + 20 kg of sand.,PUDUCHERRY,PUDUCHERRY,VILLIANUR,45:47.6
KHARIF,AGRICULTURE,Cereals,Paddy (Dhan),"	Plant Protection	",leaf folder in paddy,recommended for the spray  Chlorpyriphos 2ml /lit of water,PUDUCHERRY,PUDUCHERRY,MANNADIPET,21:57.9
KHARIF,AGRICULTURE,Cereals,Paddy (Dhan),Nutrient Management,Asked about Paddy basal fertilizer,Recommended for apply DAP 50 kg + zinc sulphate 10kg + neem cake 10 kg/ac,PUDUCHERRY,PUDUCHERRY,NETTAPAKKAM,24:51.0
KHARIF,AGRICULTURE,Millets,Maize (Makka),Sowing Time and Weather,Asked about Maize sowing season and variety information,"recommended for Purattasipattam (September - October) TNAU maize hybrid Co 6 ,NK6240,DKC,900 M GOLD HISHELL ,PINNAKKAL ,SUPERME,CO 4",PUDUCHERRY,PUDUCHERRY,NETTAPAKKAM,30:12.4
KHARIF,AGRICULTURE,Cereals,Paddy (Dhan),Market Information,asking about paddy (ADT 37) market rate at Thattanchavady,Recommended for (ADT 37) paddy market rate at Thattanchavady Rs. 1156 -1408 / quindal,PUDUCHERRY,PUDUCHERRY,PUDUCHERRY,36:49.2
KHARIF,HORTICULTURE,Vegetables,Chillies,"	Plant Protection	",Shoot borer and Whitefly management of Brinjal,Recommended for spray Triazophos 40 % EC- 2.5 ml/1 litre of water,PUDUCHERRY,PUDUCHERRY,ARIYANKUPPAM,34:26.1
KHARIF,HORTICULTURE,Vegetables,Chillies,"	Plant Protection	",asking about thrips in chillie,Recommended for spray Dimethoate 2 ml / liter of water,PUDUCHERRY,PUDUCHERRY,ARIYANKUPPAM,41:22.6
KHARIF,HORTICULTURE,Flowers,Chrysanthemum,"	Plant Protection	",asking about chrysanthemum root rot,recommended for apply pseudomonas fluorescens - 1 kg + FYM - 25 kg/ acre,PUDUCHERRY,PUDUCHERRY,PUDUCHERRY,16:27.7
KHARIF,AGRICULTURE,Others,Others,Cultural Practices,Casurina planting spacing  information,recommended for Casurina planting spacing  : 1.8 x 1.8 m,PUDUCHERRY,PUDUCHERRY,PUDUCHERRY,18:57.9
KHARIF,AGRICULTURE,Cereals,Paddy (Dhan),Nutrient Management,top dressing for paddy,recommended for apply urea 25kg+potash 15kg+neemcake 10kg/ac,PUDUCHERRY,PUDUCHERRY,ARIYANKUPPAM,53:24.9
KHARIF,AGRICULTURE,Others,Others,Weather,weather detail for Puduchery,Recommended for today have heavy Rain,PUDUCHERRY,PUDUCHERRY,ARIYANKUPPAM,56:09.9
KHARIF,HORTICULTURE,Vegetables,Brinjal,"	Plant Protection	",asking about brinjal shoot borer management,recommended for spray Chlorpyrifos- 2 ml/ lit of water,PUDUCHERRY,PUDUCHERRY,ARIYANKUPPAM,04:05.3
KHARIF,AGRICULTURE,Cereals,Paddy (Dhan),Cultural Practices,paddy seed treatment,Recommended for Apply Pseudomonas fluorescens 10gm / kg of seeds / liter,PUDUCHERRY,PUDUCHERRY,VILLIANUR,34:45.0
KHARIF,AGRICULTURE,Cereals,Paddy (Dhan),Nutrient Management,paddy top dressing fertilizer application,Recommended for apply 25 kg urea + 15 kg potash + 5 kg Neem cake  / acre. after 1 week MN mixture 5 kg mixed with 20 sand,PUDUCHERRY,PUDUCHERRY,MANNADIPET,21:45.8
KHARIF,AGRICULTURE,Cereals,Paddy (Dhan),"	Plant Protection	",Paddy stem rot control management,Recommended for apply Pseudomonas fluorescens 1 kg + farm yard manure 20 kg / acre,PUDUCHERRY,PUDUCHERRY,MANNADIPET,27:26.2
KHARIF,AGRICULTURE,Cereals,Paddy (Dhan),"	Plant Protection	",Stem rot control management in paddy,Recommended for apply 1 Pseudomonas fluorescens + 20 kg farm yard manure / acre,PUDUCHERRY,PUDUCHERRY,MANNADIPET,33:11.1
KHARIF,AGRICULTURE,Cereals,Paddy (Dhan),"	Plant Protection	",stem borer in paddy,recommended for spray profenophos 2ml + neemoil 3ml + teepol 1ml/lit of water,PUDUCHERRY,PUDUCHERRY,MANNADIPET,39:12.9
KHARIF,AGRICULTURE,Others,Others,"	Plant Protection	",asking about casurina root rot management,recommended for drench with copper oxy chloride 2.5 g / lit of water.,PUDUCHERRY,PUDUCHERRY,MANNADIPET,47:01.8
KHARIF,AGRICULTURE,Cereals,Paddy (Dhan),Sowing Time and Weather,Sowing season and varieties for paddy,"Recommedned for sowing (December-January)and varieties  ADT 36, ADT 39, ASD 16, ASD 18, ADT 43, ADT (R) 45, MDU 5, CO 47,CORH 3, ADT 43, ADT (R) 45",PUDUCHERRY,PUDUCHERRY,ARIYANKUPPAM,19:19.3
KHARIF,AGRICULTURE,Cereals,Paddy (Dhan),Fertilizer Use and Availability,foliar spray management for paddy nursery field,recommended for the spray  19:19:19 2 gm /lit of water,PUDUCHERRY,PUDUCHERRY,PUDUCHERRY,47:50.8
KHARIF,AGRICULTURE,Cereals,Paddy (Dhan),Cultural Practices,paddy nursery management,Recommedned for spray neem oil 3 ml/lit,PUDUCHERRY,PUDUCHERRY,VILLIANUR,54:06.3
KHARIF,AGRICULTURE,Cereals,Paddy (Dhan),Fertilizer Use and Availability,Paddy top dressing fertilizer Management,Recommender for apply urea 25 kg + potash 15 kg + Neem cake 5 kg,PUDUCHERRY,PUDUCHERRY,PUDUCHERRY,53:05.1
KHARIF,AGRICULTURE,Others,Others,Weed Management,weed control for korai,Recommended for  spray glyphosate 10 ml + 20g ammonium sulphate + 2 ml soap solution / litre of water before flowering,PUDUCHERRY,PUDUCHERRY,PUDUCHERRY,15:10.2
KHARIF,AGRICULTURE,Cereals,Paddy (Dhan),Nutrient Management,Paddy top dressing fertilizer application,Recommended for apply micro nutrient mixture(micro food) 5 kg / acre,PUDUCHERRY,PUDUCHERRY,VILLIANUR,11:08.2
KHARIF,AGRICULTURE,Millets,FingerMillet  (Ragi/Mandika),Market Information,Ragi market rate,Recommended for Ragi market rate Rs 1689-1727/quintal,PUDUCHERRY,PUDUCHERRY,PUDUCHERRY,04:30.9
KHARIF,AGRICULTURE,Millets,Italian Millet (Thenai/Navane/Foxtail Millet/Kang),Market Information,Thenai market rate,Recommended for Thenai market rate Rs 1509/quintal,PUDUCHERRY,PUDUCHERRY,PUDUCHERRY,05:11.2
KHARIF,AGRICULTURE,Cereals,Paddy (Dhan),"	Plant Protection	",root rot in paddy,Recommended for soil application of Trichoderma viride 1 kg + 20 kg sand / ac,PUDUCHERRY,PUDUCHERRY,VILLIANUR,39:37.7
KHARIF,AGRICULTURE,Pulses,Black Gram (urd bean),Varieties,Black gram seeds availability information,"Recommended for contact to Krishi Vigyan Kendra , Vridhachalam , 04143-238353",PUDUCHERRY,PUDUCHERRY,VILLIANUR,40:21.4
NA,AGRICULTURE,Cereals,Paddy (Dhan),Seeds,paddy TKM 13 seeds availability information,"Recommended for Rice Research Station, Tirur contact no. 044 - 27620233",PUDUCHERRY,PUDUCHERRY,PUDUCHERRY,46:29.2
KHARIF,AGRICULTURE,Cereals,Paddy (Dhan),Seeds,asking about TKM 13 seeds availability information,"Recommneded for Rice Research Station, Tirur contact no. 044 - 27620233",PUDUCHERRY,PUDUCHERRY,PUDUCHERRY,18:07.9
KHARIF,AGRICULTURE,Cereals,Paddy (Dhan),Varieties,Asking about paddy TKM 13 crop duration,Recommended for paddy TKM 13 crop duration is 130-135 days,PUDUCHERRY,PUDUCHERRY,VILLIANUR,30:56.3
KHARIF,HORTICULTURE,Vegetables,Brinjal,"	Plant Protection	",Brinjal Shoot and fruit borer management,"Recommended for Avoid continuous cropping of brinjal crop , Install pheromone trap@ 5 / acre , Spray Daichlorvas 76% EC (Nuvan)2 ml/ lit of water .(Avoid using insecticides at the time of fruit maturation and harvest).",PUDUCHERRY,PUDUCHERRY,ARIYANKUPPAM,19:40.4
KHARIF,AGRICULTURE,Cereals,Paddy (Dhan),Fertilizer Use and Availability,Top dressing fertilizer management for paddy,Recommended for apply  urea 25 kg + potash 15 kg + neem cake 10 kg /acre,PUDUCHERRY,PUDUCHERRY,MANNADIPET,39:16.3
KHARIF,AGRICULTURE,Cereals,Paddy (Dhan),Fertilizer Use and Availability,paddy basal fertilizer management,Recommended for apply DAP 50 kg + zinc sulphate 10 kg + neem cake 10kg + FYM 10ton /ac,PUDUCHERRY,PUDUCHERRY,ARIYANKUPPAM,57:17.5
